{
  "boosted_alt_compiled": {
    "name": "Linear+Forest alternating + compile",
    "config_name": "boosted_alt_compiled",
    "params": 217061,
    "tree_pct": 45.95390235924464,
    "final_train_loss": 2.281215155124664,
    "final_train_acc": 0.33267822265625,
    "final_val_loss": 2.3059009313583374,
    "final_val_acc": 0.3235107421875,
    "time": 146.29978795791976,
    "ms_per_step": 48.766595985973254,
    "eval_log": {
      "steps": [
        1,
        300,
        600,
        900,
        1200,
        1500,
        1800,
        2100,
        2400,
        2700,
        3000
      ],
      "train_loss": [
        4.348,
        2.639,
        2.5267,
        2.477,
        2.4309,
        2.3541,
        2.3462,
        2.3245,
        2.3022,
        2.3186,
        2.2721
      ],
      "train_acc": [
        0.0349,
        0.2551,
        0.2686,
        0.2722,
        0.2908,
        0.3176,
        0.3081,
        0.3237,
        0.3318,
        0.3237,
        0.3289
      ],
      "val_loss": [
        4.3201,
        2.6266,
        2.5046,
        2.4598,
        2.4347,
        2.3982,
        2.3608,
        2.3355,
        2.3178,
        2.3164,
        2.3154
      ],
      "val_acc": [
        0.03,
        0.2634,
        0.2714,
        0.2786,
        0.29,
        0.3026,
        0.3089,
        0.316,
        0.32,
        0.3197,
        0.3208
      ],
      "entropy": [
        0.6409,
        0.4821,
        0.3239,
        0.2467,
        0.2121,
        0.188,
        0.1728,
        0.1545,
        0.1384,
        0.1269,
        0.1204
      ],
      "elapsed": [
        2.0,
        15.4,
        29.1,
        45.2,
        59.5,
        73.8,
        88.2,
        102.8,
        117.3,
        131.8,
        146.3
      ],
      "lr": [
        9e-06,
        0.000891,
        0.000842,
        0.000757,
        0.000645,
        0.000517,
        0.000387,
        0.000268,
        0.000173,
        0.000111,
        9e-05
      ],
      "temperature": [
        1.0,
        1.0,
        1.0,
        1.0,
        1.0,
        1.0,
        0.9714,
        0.8964,
        0.8036,
        0.7286,
        0.7
      ]
    }
  },
  "obl_boost_vo_alt_compiled": {
    "name": "Oblivious L+F V+O alt + compile",
    "config_name": "obl_boost_vo_alt_compiled",
    "params": 154259,
    "tree_pct": 24.11658314911934,
    "final_train_loss": 2.3021940112113954,
    "final_train_acc": 0.3267822265625,
    "final_val_loss": 2.321151614189148,
    "final_val_acc": 0.3189697265625,
    "time": 63.49409520905465,
    "ms_per_step": 21.164698403018214,
    "eval_log": {
      "steps": [
        1,
        300,
        600,
        900,
        1200,
        1500,
        1800,
        2100,
        2400,
        2700,
        3000
      ],
      "train_loss": [
        4.2792,
        2.6714,
        2.5033,
        2.5025,
        2.4435,
        2.4099,
        2.3136,
        2.3215,
        2.3538,
        2.3046,
        2.2898
      ],
      "train_acc": [
        0.0166,
        0.2563,
        0.2742,
        0.2715,
        0.2891,
        0.3,
        0.3218,
        0.3228,
        0.3135,
        0.3264,
        0.3374
      ],
      "val_loss": [
        4.2482,
        2.6226,
        2.5095,
        2.4594,
        2.4241,
        2.409,
        2.3646,
        2.3348,
        2.3208,
        2.3165,
        2.3324
      ],
      "val_acc": [
        0.0174,
        0.2613,
        0.269,
        0.2825,
        0.2887,
        0.2954,
        0.307,
        0.3157,
        0.3154,
        0.32,
        0.3154
      ],
      "entropy": [
        0.654,
        0.4636,
        0.2841,
        0.222,
        0.1891,
        0.1713,
        0.1579,
        0.1416,
        0.125,
        0.1138,
        0.1092
      ],
      "elapsed": [
        0.9,
        7.0,
        13.2,
        19.4,
        25.4,
        31.5,
        37.8,
        44.3,
        50.6,
        57.0,
        63.5
      ],
      "lr": [
        9e-06,
        0.000891,
        0.000842,
        0.000757,
        0.000645,
        0.000517,
        0.000387,
        0.000268,
        0.000173,
        0.000111,
        9e-05
      ],
      "temperature": [
        1.0,
        1.0,
        1.0,
        1.0,
        1.0,
        1.0,
        0.9714,
        0.8964,
        0.8036,
        0.7286,
        0.7
      ]
    }
  }
}