{
  "boosted_alt_compiled": {
    "name": "Linear+Forest alternating + compile",
    "config_name": "boosted_alt_compiled",
    "params": 217061,
    "tree_pct": 45.95390235924464,
    "final_train_loss": 2.090605545043945,
    "final_train_acc": 0.38280029296875,
    "final_val_loss": 2.1283150196075438,
    "final_val_acc": 0.37147216796875,
    "time": 315.71570216701366,
    "ms_per_step": 63.14314043340273,
    "eval_log": {
      "steps": [
        1,
        500,
        1000,
        1500,
        2000,
        2500,
        3000,
        3500,
        4000,
        4500,
        5000
      ],
      "train_loss": [
        4.348,
        2.5893,
        2.4814,
        2.351,
        2.2709,
        2.2716,
        2.1291,
        2.179,
        2.0876,
        2.1019,
        2.0712
      ],
      "train_acc": [
        0.0349,
        0.2654,
        0.2798,
        0.3176,
        0.3372,
        0.3242,
        0.3687,
        0.3594,
        0.3718,
        0.3843,
        0.3865
      ],
      "val_loss": [
        4.3201,
        2.541,
        2.4569,
        2.3579,
        2.277,
        2.2349,
        2.2056,
        2.1695,
        2.1362,
        2.1286,
        2.1318
      ],
      "val_acc": [
        0.03,
        0.2696,
        0.2886,
        0.3093,
        0.3313,
        0.3409,
        0.3476,
        0.3617,
        0.3645,
        0.3692,
        0.3689
      ],
      "entropy": [
        0.6409,
        0.3657,
        0.2245,
        0.1739,
        0.1502,
        0.1354,
        0.1244,
        0.1124,
        0.0994,
        0.0901,
        0.0866
      ],
      "elapsed": [
        2.0,
        30.3,
        58.8,
        86.6,
        116.3,
        147.5,
        180.1,
        214.2,
        248.8,
        281.9,
        315.7
      ],
      "lr": [
        9e-06,
        0.000887,
        0.000834,
        0.000748,
        0.000635,
        0.000508,
        0.00038,
        0.000263,
        0.00017,
        0.000111,
        9e-05
      ],
      "temperature": [
        1.0,
        1.0,
        1.0,
        1.0,
        1.0,
        1.0,
        0.9714,
        0.8964,
        0.8036,
        0.7286,
        0.7
      ]
    }
  },
  "obl_boost_vo_alt_compiled": {
    "name": "Oblivious L+F V+O alt + compile",
    "config_name": "obl_boost_vo_alt_compiled",
    "params": 154259,
    "tree_pct": 24.11658314911934,
    "final_train_loss": 2.1112332344055176,
    "final_train_acc": 0.37730712890625,
    "final_val_loss": 2.1436623692512513,
    "final_val_acc": 0.36666259765625,
    "time": 116.37415004195645,
    "ms_per_step": 23.27483000839129,
    "eval_log": {
      "steps": [
        1,
        500,
        1000,
        1500,
        2000,
        2500,
        3000,
        3500,
        4000,
        4500,
        5000
      ],
      "train_loss": [
        4.2792,
        2.5547,
        2.4259,
        2.3571,
        2.3089,
        2.2455,
        2.1808,
        2.1176,
        2.1782,
        2.1494,
        2.1227
      ],
      "train_acc": [
        0.0166,
        0.2598,
        0.2925,
        0.3105,
        0.3291,
        0.345,
        0.3496,
        0.3694,
        0.3601,
        0.3711,
        0.3784
      ],
      "val_loss": [
        4.2482,
        2.5406,
        2.4528,
        2.3762,
        2.3076,
        2.2537,
        2.2118,
        2.1834,
        2.1719,
        2.1573,
        2.1457
      ],
      "val_acc": [
        0.0174,
        0.2648,
        0.2812,
        0.3068,
        0.3214,
        0.3367,
        0.348,
        0.3588,
        0.3609,
        0.3627,
        0.3679
      ],
      "entropy": [
        0.654,
        0.3216,
        0.2051,
        0.1596,
        0.1287,
        0.1091,
        0.096,
        0.0842,
        0.075,
        0.0672,
        0.0657
      ],
      "elapsed": [
        1.1,
        13.1,
        25.0,
        36.4,
        48.2,
        59.3,
        70.9,
        82.2,
        93.8,
        105.5,
        116.4
      ],
      "lr": [
        9e-06,
        0.000887,
        0.000834,
        0.000748,
        0.000635,
        0.000508,
        0.00038,
        0.000263,
        0.00017,
        0.000111,
        9e-05
      ],
      "temperature": [
        1.0,
        1.0,
        1.0,
        1.0,
        1.0,
        1.0,
        0.9714,
        0.8964,
        0.8036,
        0.7286,
        0.7
      ]
    }
  }
}