{
  "standard": {
    "name": "Standard Transformer (reference)",
    "config_name": "standard",
    "params": 116673,
    "tree_pct": 0.0,
    "compiled": false,
    "shared_routing": false,
    "final_train_loss": 2.4276200771331786,
    "final_train_acc": 0.2924560546875,
    "final_val_loss": 2.440026879310608,
    "final_val_acc": 0.285693359375,
    "time": 20.399037749972194,
    "ms_per_step": 10.199518874986097,
    "eval_log": {
      "steps": [
        1,
        400,
        800,
        1200,
        1600,
        2000
      ],
      "train_loss": [
        4.3944,
        2.5945,
        2.4762,
        2.4402,
        2.4258,
        2.4145
      ],
      "train_acc": [
        0.0144,
        0.2668,
        0.2727,
        0.281,
        0.2903,
        0.3025
      ],
      "val_loss": [
        4.3995,
        2.6085,
        2.4895,
        2.4614,
        2.4539,
        2.4523
      ],
      "val_acc": [
        0.0134,
        0.26,
        0.2718,
        0.2801,
        0.2833,
        0.2843
      ],
      "entropy": [
        0.0,
        0.0,
        0.0,
        0.0,
        0.0,
        0.0
      ],
      "elapsed": [
        0.3,
        4.3,
        8.0,
        12.4,
        16.4,
        20.4
      ],
      "lr": [
        3e-06,
        0.000284,
        0.000219,
        0.000132,
        5.8e-05,
        3e-05
      ],
      "temperature": [
        1.0,
        1.0,
        1.0,
        1.0,
        1.0,
        1.0
      ]
    }
  },
  "boosted": {
    "name": "Linear+Forest (baseline tree)",
    "config_name": "boosted",
    "params": 317321,
    "tree_pct": 62.86882998603937,
    "compiled": false,
    "shared_routing": false,
    "final_train_loss": 2.38272567987442,
    "final_train_acc": 0.30516357421875,
    "final_val_loss": 2.4020299553871154,
    "final_val_acc": 0.297265625,
    "time": 315.4402425410226,
    "ms_per_step": 157.7201212705113,
    "eval_log": {
      "steps": [
        1,
        400,
        800,
        1200,
        1600,
        2000
      ],
      "train_loss": [
        4.3882,
        2.5655,
        2.4992,
        2.4541,
        2.4045,
        2.3739
      ],
      "train_acc": [
        0.0251,
        0.2712,
        0.2812,
        0.2922,
        0.302,
        0.3
      ],
      "val_loss": [
        4.3806,
        2.5945,
        2.4834,
        2.4391,
        2.4185,
        2.4072
      ],
      "val_acc": [
        0.0224,
        0.2623,
        0.2797,
        0.2912,
        0.2959,
        0.2937
      ],
      "entropy": [
        0.6224,
        0.4393,
        0.3334,
        0.29,
        0.2467,
        0.223
      ],
      "elapsed": [
        0.8,
        51.2,
        110.2,
        178.6,
        248.0,
        315.4
      ],
      "lr": [
        9e-06,
        0.000851,
        0.000658,
        0.000396,
        0.000175,
        9e-05
      ],
      "temperature": [
        1.0,
        1.0,
        1.0,
        0.9714,
        0.8036,
        0.7
      ]
    }
  },
  "boosted_compiled": {
    "name": "Linear+Forest + torch.compile",
    "config_name": "boosted_compiled",
    "params": 317321,
    "tree_pct": 62.86882998603937,
    "compiled": true,
    "shared_routing": false,
    "final_train_loss": 2.381015658378601,
    "final_train_acc": 0.30540771484375,
    "final_val_loss": 2.4004883766174316,
    "final_val_acc": 0.29771728515625,
    "time": 189.15513170789927,
    "ms_per_step": 94.57756585394964,
    "eval_log": {
      "steps": [
        1,
        400,
        800,
        1200,
        1600,
        2000
      ],
      "train_loss": [
        4.3882,
        2.5633,
        2.4977,
        2.4524,
        2.4029,
        2.3723
      ],
      "train_acc": [
        0.0251,
        0.2722,
        0.2817,
        0.292,
        0.3018,
        0.3018
      ],
      "val_loss": [
        4.3806,
        2.5923,
        2.4821,
        2.4377,
        2.417,
        2.4056
      ],
      "val_acc": [
        0.0224,
        0.2624,
        0.2802,
        0.2913,
        0.2964,
        0.2945
      ],
      "entropy": [
        0.6224,
        0.4378,
        0.3324,
        0.2895,
        0.2463,
        0.2227
      ],
      "elapsed": [
        14.7,
        48.2,
        83.0,
        117.1,
        151.5,
        189.2
      ],
      "lr": [
        9e-06,
        0.000851,
        0.000658,
        0.000396,
        0.000175,
        9e-05
      ],
      "temperature": [
        1.0,
        1.0,
        1.0,
        0.9714,
        0.8036,
        0.7
      ]
    }
  },
  "boosted_shared": {
    "name": "Linear+Forest + shared routing",
    "config_name": "boosted_shared",
    "params": 266725,
    "tree_pct": 55.825288218202274,
    "compiled": false,
    "shared_routing": true,
    "final_train_loss": 2.4024537086486815,
    "final_train_acc": 0.29771728515625,
    "final_val_loss": 2.423897659778595,
    "final_val_acc": 0.2885986328125,
    "time": 189.16594616603106,
    "ms_per_step": 94.58297308301553,
    "eval_log": {
      "steps": [
        1,
        400,
        800,
        1200,
        1600,
        2000
      ],
      "train_loss": [
        4.4439,
        2.5865,
        2.5179,
        2.4746,
        2.4544,
        2.4287
      ],
      "train_acc": [
        0.022,
        0.2683,
        0.2849,
        0.2769,
        0.2822,
        0.2935
      ],
      "val_loss": [
        4.4102,
        2.5764,
        2.4875,
        2.4478,
        2.4329,
        2.4216
      ],
      "val_acc": [
        0.024,
        0.2621,
        0.2742,
        0.2856,
        0.2854,
        0.291
      ],
      "entropy": [
        0.6411,
        0.4951,
        0.3689,
        0.3163,
        0.2741,
        0.2511
      ],
      "elapsed": [
        1.0,
        30.8,
        63.3,
        98.8,
        141.7,
        189.2
      ],
      "lr": [
        9e-06,
        0.000851,
        0.000658,
        0.000396,
        0.000175,
        9e-05
      ],
      "temperature": [
        1.0,
        1.0,
        1.0,
        0.9714,
        0.8036,
        0.7
      ]
    }
  },
  "boosted_shared_compiled": {
    "name": "Linear+Forest + shared routing + compile",
    "config_name": "boosted_shared_compiled",
    "params": 266725,
    "tree_pct": 55.825288218202274,
    "compiled": true,
    "shared_routing": true,
    "final_train_loss": 2.400878596305847,
    "final_train_acc": 0.298095703125,
    "final_val_loss": 2.422582745552063,
    "final_val_acc": 0.28900146484375,
    "time": 157.79305212502368,
    "ms_per_step": 78.89652606251184,
    "eval_log": {
      "steps": [
        1,
        400,
        800,
        1200,
        1600,
        2000
      ],
      "train_loss": [
        4.4439,
        2.5845,
        2.5163,
        2.4729,
        2.453,
        2.4271
      ],
      "train_acc": [
        0.022,
        0.2681,
        0.2852,
        0.2773,
        0.283,
        0.2939
      ],
      "val_loss": [
        4.4102,
        2.5742,
        2.4863,
        2.4466,
        2.4317,
        2.4202
      ],
      "val_acc": [
        0.024,
        0.2622,
        0.2746,
        0.2859,
        0.2856,
        0.2915
      ],
      "entropy": [
        0.6411,
        0.4928,
        0.3674,
        0.3156,
        0.2736,
        0.2505
      ],
      "elapsed": [
        9.9,
        38.3,
        66.4,
        96.6,
        127.5,
        157.8
      ],
      "lr": [
        9e-06,
        0.000851,
        0.000658,
        0.000396,
        0.000175,
        9e-05
      ],
      "temperature": [
        1.0,
        1.0,
        1.0,
        0.9714,
        0.8036,
        0.7
      ]
    }
  }
}