{
  "standard": {
    "name": "Standard Transformer",
    "params": 116673,
    "tree_pct": 0.0,
    "final_train_loss": 2.427620053291321,
    "final_train_acc": 0.2924560546875,
    "final_val_loss": 2.440026879310608,
    "final_val_acc": 0.285693359375,
    "time": 13.629124499857426,
    "ms_per_step": 6.814562249928713,
    "eval_log": {
      "steps": [
        1,
        400,
        800,
        1200,
        1600,
        2000
      ],
      "train_loss": [
        4.3944,
        2.5945,
        2.4762,
        2.4402,
        2.4258,
        2.4145
      ],
      "train_acc": [
        0.0144,
        0.2668,
        0.2727,
        0.281,
        0.2903,
        0.3025
      ],
      "val_loss": [
        4.3995,
        2.6085,
        2.4895,
        2.4614,
        2.4539,
        2.4523
      ],
      "val_acc": [
        0.0134,
        0.26,
        0.2718,
        0.2801,
        0.2833,
        0.2843
      ],
      "entropy": [
        0.0,
        0.0,
        0.0,
        0.0,
        0.0,
        0.0
      ],
      "elapsed": [
        0.3,
        3.1,
        5.8,
        8.4,
        11.0,
        13.6
      ],
      "lr": [
        3e-06,
        0.000284,
        0.000219,
        0.000132,
        5.8e-05,
        3e-05
      ],
      "temperature": [
        1.0,
        1.0,
        1.0,
        1.0,
        1.0,
        1.0
      ]
    }
  },
  "oblivious_boosted": {
    "name": "Oblivious Linear+Forest (attn only)",
    "params": 266633,
    "tree_pct": 55.81004601830981,
    "final_train_loss": 2.3923054337501526,
    "final_train_acc": 0.30052490234375,
    "final_val_loss": 2.4084035754203796,
    "final_val_acc": 0.29400634765625,
    "time": 922.4190412920434,
    "ms_per_step": 461.2095206460217,
    "eval_log": {
      "steps": [
        1,
        400,
        800,
        1200,
        1600,
        2000
      ],
      "train_loss": [
        4.2961,
        2.5896,
        2.5212,
        2.4366,
        2.3875,
        2.4205
      ],
      "train_acc": [
        0.0308,
        0.2571,
        0.2737,
        0.2935,
        0.2996,
        0.3037
      ],
      "val_loss": [
        4.2856,
        2.5844,
        2.4896,
        2.444,
        2.4105,
        2.4125
      ],
      "val_acc": [
        0.0279,
        0.2647,
        0.2754,
        0.2868,
        0.2934,
        0.2936
      ],
      "entropy": [
        0.6222,
        0.4044,
        0.2978,
        0.2546,
        0.2155,
        0.1957
      ],
      "elapsed": [
        0.8,
        174.8,
        361.0,
        545.9,
        736.8,
        922.4
      ],
      "lr": [
        9e-06,
        0.000851,
        0.000658,
        0.000396,
        0.000175,
        9e-05
      ],
      "temperature": [
        1.0,
        1.0,
        1.0,
        0.9714,
        0.8036,
        0.7
      ]
    }
  },
  "contextual_boosted": {
    "name": "Linear+Contextual (attn only)",
    "params": 299913,
    "tree_pct": 60.713606946014345,
    "final_train_loss": 2.420375978946686,
    "final_train_acc": 0.29281005859375,
    "final_val_loss": 2.40843642950058,
    "final_val_acc": 0.29442138671875,
    "time": 860.6876667498145,
    "ms_per_step": 430.34383337490726,
    "eval_log": {
      "steps": [
        1,
        400,
        800,
        1200,
        1600,
        2000
      ],
      "train_loss": [
        4.3789,
        2.6278,
        2.4894,
        2.4713,
        2.4324,
        2.4311
      ],
      "train_acc": [
        0.0178,
        0.2573,
        0.2837,
        0.2917,
        0.2961,
        0.2854
      ],
      "val_loss": [
        4.3395,
        2.5864,
        2.489,
        2.4509,
        2.4325,
        2.4252
      ],
      "val_acc": [
        0.0226,
        0.2652,
        0.2764,
        0.2828,
        0.2884,
        0.2877
      ],
      "entropy": [
        0.152,
        0.1616,
        0.1533,
        0.1425,
        0.1258,
        0.1167
      ],
      "elapsed": [
        1.8,
        191.2,
        370.4,
        530.2,
        690.2,
        860.7
      ],
      "lr": [
        9e-06,
        0.000851,
        0.000658,
        0.000396,
        0.000175,
        9e-05
      ],
      "temperature": [
        1.0,
        1.0,
        1.0,
        0.9714,
        0.8036,
        0.7
      ]
    }
  },
  "oblivious_boosted_alt": {
    "name": "Oblivious L+F (alternating layers)",
    "params": 191717,
    "tree_pct": 38.80928660473511,
    "final_train_loss": 2.3870891332626343,
    "final_train_acc": 0.3029541015625,
    "final_val_loss": 2.400715446472168,
    "final_val_acc": 0.2993896484375,
    "time": 419.6592576249968,
    "ms_per_step": 209.8296288124984,
    "eval_log": {
      "steps": [
        1,
        400,
        800,
        1200,
        1600,
        2000
      ],
      "train_loss": [
        4.402,
        2.5714,
        2.4731,
        2.4562,
        2.4085,
        2.3708
      ],
      "train_acc": [
        0.0105,
        0.2656,
        0.281,
        0.2949,
        0.3003,
        0.3203
      ],
      "val_loss": [
        4.3916,
        2.588,
        2.4783,
        2.4262,
        2.405,
        2.4061
      ],
      "val_acc": [
        0.0116,
        0.2649,
        0.2771,
        0.2933,
        0.299,
        0.3011
      ],
      "entropy": [
        0.6412,
        0.3782,
        0.2384,
        0.1961,
        0.1574,
        0.1394
      ],
      "elapsed": [
        0.5,
        84.5,
        166.0,
        249.3,
        335.0,
        419.7
      ],
      "lr": [
        9e-06,
        0.000851,
        0.000658,
        0.000396,
        0.000175,
        9e-05
      ],
      "temperature": [
        1.0,
        1.0,
        1.0,
        0.9714,
        0.8036,
        0.7
      ]
    }
  }
}