{
  "standard": {
    "name": "Standard Transformer",
    "params": 116673,
    "tree_pct": 0.0,
    "final_train_loss": 2.4276200771331786,
    "final_train_acc": 0.2924560546875,
    "final_val_loss": 2.4400268673896788,
    "final_val_acc": 0.285693359375,
    "time": 56.15404437482357,
    "ms_per_step": 28.077022187411785,
    "eval_log": {
      "steps": [
        1,
        400,
        800,
        1200,
        1600,
        2000
      ],
      "train_loss": [
        4.3944,
        2.5945,
        2.4762,
        2.4402,
        2.4258,
        2.4145
      ],
      "train_acc": [
        0.0144,
        0.2668,
        0.2727,
        0.281,
        0.2903,
        0.3025
      ],
      "val_loss": [
        4.3995,
        2.6085,
        2.4895,
        2.4614,
        2.4539,
        2.4523
      ],
      "val_acc": [
        0.0134,
        0.26,
        0.2718,
        0.2801,
        0.2833,
        0.2843
      ],
      "entropy": [
        0.0,
        0.0,
        0.0,
        0.0,
        0.0,
        0.0
      ],
      "elapsed": [
        0.6,
        8.3,
        18.3,
        31.7,
        43.4,
        56.2
      ],
      "lr": [
        3e-06,
        0.000284,
        0.000219,
        0.000132,
        5.8e-05,
        3e-05
      ],
      "temperature": [
        1.0,
        1.0,
        1.0,
        1.0,
        1.0,
        1.0
      ]
    }
  },
  "depth1_24t": {
    "name": "Oblivious L+F depth-1 (24 trees, 48 leaves)",
    "params": 167561,
    "tree_pct": 29.68232464594983,
    "final_train_loss": 2.38994106054306,
    "final_train_acc": 0.29849853515625,
    "final_val_loss": 2.3987039923667908,
    "final_val_acc": 0.2959228515625,
    "time": 253.51322024990804,
    "ms_per_step": 126.75661012495401,
    "eval_log": {
      "steps": [
        1,
        400,
        800,
        1200,
        1600,
        2000
      ],
      "train_loss": [
        4.1754,
        2.6102,
        2.4693,
        2.4367,
        2.3973,
        2.4605
      ],
      "train_acc": [
        0.0537,
        0.2588,
        0.2883,
        0.2869,
        0.3076,
        0.2817
      ],
      "val_loss": [
        4.1829,
        2.593,
        2.4866,
        2.4331,
        2.4147,
        2.3998
      ],
      "val_acc": [
        0.0512,
        0.262,
        0.2743,
        0.2862,
        0.2941,
        0.2958
      ],
      "entropy": [
        0.6233,
        0.3448,
        0.2384,
        0.2009,
        0.17,
        0.1512
      ],
      "elapsed": [
        3.1,
        44.9,
        95.3,
        147.9,
        201.1,
        253.5
      ],
      "lr": [
        9e-06,
        0.000851,
        0.000658,
        0.000396,
        0.000175,
        9e-05
      ],
      "temperature": [
        1.0,
        1.0,
        1.0,
        0.9714,
        0.8036,
        0.7
      ]
    }
  },
  "depth2_12t": {
    "name": "Oblivious L+F depth-2 (12 trees, 48 leaves)",
    "params": 161321,
    "tree_pct": 26.96239175308856,
    "final_train_loss": 2.3961400270462034,
    "final_train_acc": 0.30078125,
    "final_val_loss": 2.4067781805992126,
    "final_val_acc": 0.293408203125,
    "time": 246.623525749892,
    "ms_per_step": 123.311762874946,
    "eval_log": {
      "steps": [
        1,
        400,
        800,
        1200,
        1600,
        2000
      ],
      "train_loss": [
        4.2948,
        2.5915,
        2.4891,
        2.4451,
        2.4062,
        2.4297
      ],
      "train_acc": [
        0.0232,
        0.2659,
        0.2717,
        0.2812,
        0.2974,
        0.29
      ],
      "val_loss": [
        4.274,
        2.5866,
        2.4681,
        2.4451,
        2.4298,
        2.4286
      ],
      "val_acc": [
        0.024,
        0.2674,
        0.2816,
        0.2867,
        0.2844,
        0.2873
      ],
      "entropy": [
        0.6238,
        0.3684,
        0.2538,
        0.2141,
        0.1792,
        0.1592
      ],
      "elapsed": [
        1.4,
        44.2,
        94.6,
        146.4,
        197.8,
        246.6
      ],
      "lr": [
        9e-06,
        0.000851,
        0.000658,
        0.000396,
        0.000175,
        9e-05
      ],
      "temperature": [
        1.0,
        1.0,
        1.0,
        0.9714,
        0.8036,
        0.7
      ]
    }
  },
  "depth3_6t": {
    "name": "Oblivious Linear+Forest (attn only)",
    "params": 266633,
    "tree_pct": 55.81004601830981,
    "final_train_loss": 2.3923054218292235,
    "final_train_acc": 0.30052490234375,
    "final_val_loss": 2.4084035634994505,
    "final_val_acc": 0.29400634765625,
    "time": 1280.6740163750947,
    "ms_per_step": 640.3370081875473,
    "eval_log": {
      "steps": [
        1,
        400,
        800,
        1200,
        1600,
        2000
      ],
      "train_loss": [
        4.2961,
        2.5896,
        2.5212,
        2.4366,
        2.3875,
        2.4205
      ],
      "train_acc": [
        0.0308,
        0.2571,
        0.2737,
        0.2935,
        0.2996,
        0.3037
      ],
      "val_loss": [
        4.2856,
        2.5844,
        2.4896,
        2.444,
        2.4105,
        2.4125
      ],
      "val_acc": [
        0.0279,
        0.2647,
        0.2754,
        0.2868,
        0.2934,
        0.2936
      ],
      "entropy": [
        0.6222,
        0.4044,
        0.2978,
        0.2546,
        0.2155,
        0.1957
      ],
      "elapsed": [
        1.2,
        303.7,
        587.9,
        833.0,
        1093.6,
        1280.7
      ],
      "lr": [
        9e-06,
        0.000851,
        0.000658,
        0.000396,
        0.000175,
        9e-05
      ],
      "temperature": [
        1.0,
        1.0,
        1.0,
        0.9714,
        0.8036,
        0.7
      ]
    }
  },
  "depth3_24t": {
    "name": "Oblivious Linear+Forest (attn only)",
    "params": 266633,
    "tree_pct": 55.81004601830981,
    "final_train_loss": 2.3923054218292235,
    "final_train_acc": 0.30052490234375,
    "final_val_loss": 2.4084035873413088,
    "final_val_acc": 0.29400634765625,
    "time": 802.9203454998787,
    "ms_per_step": 401.4601727499394,
    "eval_log": {
      "steps": [
        1,
        400,
        800,
        1200,
        1600,
        2000
      ],
      "train_loss": [
        4.2961,
        2.5896,
        2.5212,
        2.4366,
        2.3875,
        2.4205
      ],
      "train_acc": [
        0.0308,
        0.2571,
        0.2737,
        0.2935,
        0.2996,
        0.3037
      ],
      "val_loss": [
        4.2856,
        2.5844,
        2.4896,
        2.444,
        2.4105,
        2.4125
      ],
      "val_acc": [
        0.0279,
        0.2647,
        0.2754,
        0.2868,
        0.2934,
        0.2936
      ],
      "entropy": [
        0.6222,
        0.4044,
        0.2978,
        0.2546,
        0.2155,
        0.1957
      ],
      "elapsed": [
        1.0,
        165.0,
        324.4,
        484.2,
        643.5,
        802.9
      ],
      "lr": [
        9e-06,
        0.000851,
        0.000658,
        0.000396,
        0.000175,
        9e-05
      ],
      "temperature": [
        1.0,
        1.0,
        1.0,
        0.9714,
        0.8036,
        0.7
      ]
    }
  },
  "depth4_3t": {
    "name": "Oblivious L+F depth-4 (3 trees, 48 leaves)",
    "params": 150305,
    "tree_pct": 21.609394231728817,
    "final_train_loss": 2.3918484807014466,
    "final_train_acc": 0.300634765625,
    "final_val_loss": 2.3976073145866392,
    "final_val_acc": 0.29559326171875,
    "time": 68.38293666695245,
    "ms_per_step": 34.19146833347622,
    "eval_log": {
      "steps": [
        1,
        400,
        800,
        1200,
        1600,
        2000
      ],
      "train_loss": [
        4.2242,
        2.6217,
        2.4886,
        2.4684,
        2.4192,
        2.4127
      ],