{
  "config": {
    "d_model": 128,
    "n_layers": 6,
    "n_heads": 4,
    "seq_len": 256,
    "batch": 32,
    "lr": 0.0003,
    "dropout": 0.0,
    "n_steps": 13000
  },
  "models": {
    "standard": {
      "name": "Standard Transformer",
      "params": 1239361,
      "tree_pct": 0.0,
      "final_train_loss": 1.2856154918670655,
      "final_train_acc": 0.5968994140625,
      "final_val_loss": 1.5480850040912628,
      "final_val_acc": 0.543695068359375,
      "time": 691.5847287080251,
      "ms_per_step": 53.198825285232694,
      "eval_log": {
        "steps": [
          1,
          650,
          1300,
          1950,
          2600,
          3250,
          3900,
          4550,
          5200,
          5850,
          6500,
          7150,
          7800,
          8450,
          9100,
          9750,
          10400,
          11050,
          11700,
          12350,
          13000
        ],
        "train_loss": [
          4.2986,
          2.2693,
          1.8919,
          1.7128,
          1.5731,
          1.5017,
          1.5034,
          1.4784,
          1.3965,
          1.3529,
          1.3934,
          1.3639,
          1.3532,
          1.3089,
          1.2906,
          1.274,
          1.2525,
          1.3125,
          1.2702,
          1.2814,
          1.292
        ],
        "train_acc": [
          0.0209,
          0.3273,
          0.4417,
          0.4811,
          0.531,
          0.54,
          0.5448,
          0.54,
          0.5745,
          0.5784,
          0.5667,
          0.5779,
          0.5748,
          0.5886,
          0.5939,
          0.6047,
          0.6099,
          0.5907,
          0.6031,
          0.5984,
          0.6014
        ],
        "val_loss": [
          4.2924,
          2.2805,
          1.9748,
          1.8372,
          1.7735,
          1.7036,
          1.6736,
          1.6313,
          1.6186,
          1.6215,
          1.5905,
          1.5907,
          1.5915,
          1.5557,
          1.5676,
          1.5405,
          1.5703,
          1.5769,
          1.5395,
          1.54,
          1.5383
        ],
        "val_acc": [
          0.0241,
          0.3211,
          0.4133,
          0.4512,
          0.4752,
          0.4937,
          0.5022,
          0.5137,
          0.52,
          0.5206,
          0.5289,
          0.5284,
          0.529,
          0.5408,
          0.5411,
          0.5429,
          0.5385,
          0.5378,
          0.5425,
          0.546,
          0.5474
        ],
        "entropy": [
          0.0,
          0.0,
          0.0,
          0.0,
          0.0,
          0.0,
          0.0,
          0.0,
          0.0,
          0.0,
          0.0,
          0.0,
          0.0,
          0.0,
          0.0,
          0.0,
          0.0,
          0.0,
          0.0,
          0.0,
          0.0
        ],
        "elapsed": [
          2.5,
          36.3,
          70.1,
          104.9,
          140.3,
          175.8,
          211.5,
          246.9,
          282.5,
          317.5,
          352.6,
          386.8,
          421.0,
          455.0,
          488.8,
          522.7,
          556.9,
          590.5,
          624.5,
          658.4,
          691.6
        ],
        "lr": [
          3e-06,
          0.000299,
          0.000294,
          0.000287,
          0.000276,
          0.000262,
          0.000246,
          0.000228,
          0.000209,
          0.000188,
          0.000167,
          0.000145,
          0.000125,
          0.000105,
          8.6e-05,
          7e-05,
          5.6e-05,
          4.5e-05,
          3.7e-05,
          3.2e-05,
          3e-05
        ],
        "temperature": [
          1.0,
          1.0,
          1.0,
          1.0,
          1.0,
          1.0,
          1.0,
          1.0,
          1.0,
          1.0,
          1.0,
          1.0,
          1.0,
          1.0,
          1.0,
          1.0,
          1.0,
          1.0,
          1.0,
          1.0,
          1.0
        ]
      },
      "d_model": 128,
      "n_layers": 6,
      "n_steps": 13000,
      "hard_routing": {
        "soft": {
          "val_acc": 0.54495849609375,
          "val_loss": 1.55731640458107
        },
        "top_1": {
          "val_acc": 0.54635009765625,
          "val_loss": 1.546479916572571,
          "retention_pct": 100.26
        },
        "top_2": {
          "val_acc": 0.542529296875,
          "val_loss": 1.5603033006191254,
          "retention_pct": 99.55
        },
        "top_4": {
          "val_acc": 0.54324951171875,
          "val_loss": 1.549421590566635,
          "retention_pct": 99.69
        }
      },
      "samples": {
        "ROMEO:\nO,": "ROMEO:\nO, my Lord of Buckingham, as I will be hote:\nHenceforted the heads you the rest, Clarence,\nThe wouldst of a Rome, to should gone.\n\nLord Marshal:\nLest thou hast a man tale too see them leave\nHis bid that what he may dispossible:\nWhere I am sorrow a charge by things on lives shall\nto-day sweet to our father limits.\n\nNurse:\nGive me is money.\n\nNurse:\nHie to assemble me, the duke not fear\nShall be damned to a gods, with it success' virtuous\ncreasure and as as night neither friar.\n\nLADY GREY:\nMortakers, ",
        "To be, or not to be": "To be, or not to be myself, and if a spoke\nAs you should you say, so, sir, I resoleness\nIn ever further divily did I little you attend:\nIs bring the many day ancient, you\nall show yours, this all that I shall been me.\n\nDUKE VINCENTIO:\nAnd let her be concluded me, not what was it all.\n\nDUKE VINCENTIO:\nWhat we do me?\n\nDUKE VINCENTIO:\nNo doth relarned may bid an extrants\nTybalt another, I as I saw thee to thee,\nHow chides my tentres the brough?\n\nDUKE VINCENTIO:\nI am quarrel to come to the duke shrow thee,\nThou do man",
        "KING HENRY:\nOnce more unto the breach, dear friends,": "KING HENRY:\nOnce more unto the breach, dear friends,\nBut then. All the dear love it me a past.\n\nKING RICHARD II:\n'Tis the Cousin off, that mourn is slave;\nThe father than should requires not thing prince,\nShould in a smile weeping of from the anon\nThe the mands hungirable holy repose,\nAnd when thou self the draw of the Christial;\nFor the marriage feel steel the home fortune;\nLook that was not we are her to this grown\nDoes bear their such of her to her duke.\n\nJULIET:\nLet a seem that a sight some cause content have\nAgainst the hath dram of measure i"
      }
    },
    "boosted": {
      "name": "Linear+Forest (attn only)",
      "params": 2434585,
      "tree_pct": 48.80963285323782,
      "final_train_loss": 1.201400601863861,
      "final_train_acc": 0.621185302734375,
      "final_val_loss": 1.567009299993515,
      "final_val_acc": 0.543310546875,
      "time": 6566.6470145841595,
      "ms_per_step": 505.12669342955076,
      "eval_log": {
        "steps": [
          1,
          650,
          1300,
          1950,
          2600,
          3250,
          3900,
          4550,
          5200,
          5850,
          6500,
          7150,
          7800,
          8450,
          9100,
          9750,
          10400,
          11050,
          11700,
          12350,
          13000
        ],
        "train_loss": [
          4.5084,
          2.2421,
          1.8882,
          1.6769,
          1.4693,
          1.465,
          1.3884,
          1.352,
          1.3564,
          1.3102,
          1.2946,
          1.2897,
          1.28,
          1.2297,
          1.2421,
          1.2386,
          1.2256,
          1.2257,
          1.1717,
          1.1972,
          1.194
        ],