{
  "full": {
    "standard": {
      "name": "Standard Transformer",
      "params": 842817,
      "tree_pct": 0.0,
      "final_train_loss": 2.0188544392585754,
      "final_train_acc": 0.401788330078125,
      "final_val_loss": 2.0762665033340455,
      "final_val_acc": 0.386822509765625,
      "time": 113.34875820809975,
      "ms_per_step": 56.674379104049876,
      "eval_log": {
        "steps": [
          1,
          400,
          800,
          1200,
          1600,
          2000
        ],
        "train_loss": [
          4.3473,
          2.4564,
          2.2808,
          2.1346,
          2.0114,
          1.9923
        ],
        "train_acc": [
          0.0132,
          0.2786,
          0.3214,
          0.37,
          0.4075,
          0.4132
        ],
        "val_loss": [
          4.3475,
          2.4876,
          2.318,
          2.1633,
          2.0999,
          2.069
        ],
        "val_acc": [
          0.0134,
          0.2773,
          0.3198,
          0.3625,
          0.3805,
          0.3889
        ],
        "entropy": [
          0.0,
          0.0,
          0.0,
          0.0,
          0.0,
          0.0
        ],
        "elapsed": [
          1.6,
          24.7,
          47.0,
          68.7,
          91.4,
          113.3
        ],
        "lr": [
          3e-06,
          0.000284,
          0.000219,
          0.000132,
          5.8e-05,
          3e-05
        ],
        "temperature": [
          1.0,
          1.0,
          1.0,
          1.0,
          1.0,
          1.0
        ]
      }
    },
    "boosted": {
      "name": "Linear+Forest (attn only)",
      "params": 1639633,
      "tree_pct": 48.31617807155626,
      "final_train_loss": 2.0185167670249937,
      "final_train_acc": 0.403106689453125,
      "final_val_loss": 2.0865626096725465,
      "final_val_acc": 0.382745361328125,
      "time": 1090.276205125032,
      "ms_per_step": 545.138102562516,
      "eval_log": {
        "steps": [
          1,
          400,
          800,
          1200,
          1600,
          2000
        ],
        "train_loss": [
          4.4562,
          2.451,
          2.2746,
          2.1573,
          2.052,
          2.0512
        ],
        "train_acc": [
          0.004,
          0.2812,
          0.3307,
          0.3678,
          0.3888,
          0.3967
        ],
        "val_loss": [
          4.4449,
          2.4652,
          2.3,
          2.1709,
          2.1177,
          2.0789
        ],
        "val_acc": [
          0.0039,
          0.2788,
          0.3256,
          0.3575,
          0.3753,
          0.385
        ],
        "entropy": [
          0.585,
          0.231,
          0.1575,
          0.1331,
          0.1057,
          0.0912
        ],
        "elapsed": [
          4.8,
          222.2,
          458.1,
          692.9,
          889.4,
          1090.3
        ],
        "lr": [
          9e-06,
          0.000851,
          0.000658,
          0.000396,
          0.000175,
          9e-05
        ],
        "temperature": [
          1.0,
          1.0,
          1.0,
          0.9714,
          0.8036,
          0.7
        ]
      }
    },
    "oblivious_boosted": {
      "name": "Oblivious Linear+Forest (attn only)",
      "params": 1439953,
      "tree_pct": 41.149120839360734,
      "final_train_loss": 2.0461345314979553,
      "final_train_acc": 0.3964111328125,
      "final_val_loss": 2.097246789932251,
      "final_val_acc": 0.38026123046875,
      "time": 740.9160702079535,
      "ms_per_step": 370.4580351039767,
      "eval_log": {
        "steps": [
          1,
          400,
          800,
          1200,
          1600,
          2000
        ],
        "train_loss": [
          4.5296,
          2.4371,
          2.3081,
          2.1822,
          2.0753,
          2.0631
        ],
        "train_acc": [
          0.0228,
          0.2834,
          0.3164,
          0.3645,
          0.3907,
          0.3953
        ],
        "val_loss": [
          4.5065,
          2.4474,
          2.3186,
          2.196,
          2.1259,
          2.0988
        ],
        "val_acc": [
          0.0194,
          0.2834,
          0.3176,
          0.3551,
          0.3723,
          0.3796
        ],
        "entropy": [
          0.5839,
          0.3299,
          0.2536,
          0.2202,
          0.1821,
          0.1639
        ],
        "elapsed": [
          26.7,
          175.4,
          314.5,
          452.6,
          596.2,
          740.9
        ],
        "lr": [
          9e-06,
          0.000851,
          0.000658,
          0.000396,
          0.000175,
          9e-05
        ],
        "temperature": [
          1.0,
          1.0,
          1.0,
          0.9714,
          0.8036,
          0.7
        ]
      }
    },
    "oblivious_boosted_alt": {
      "name": "Oblivious L+F (alternating layers)",
      "params": 1141641,
      "tree_pct": 25.95071480439122,
      "final_train_loss": 2.0938910126686094,
      "final_train_acc": 0.382781982421875,
      "final_val_loss": 2.1406768918037415,
      "final_val_acc": 0.36766357421875,
      "time": 492.07656116597354,
      "ms_per_step": 246.03828058298677,
      "eval_log": {
        "steps": [
          1,
          400,
          800,
          1200,
          1600,
          2000
        ],
        "train_loss": [
          4.2784,
          2.4475,
          2.3215,
          2.1919,
          2.1536,
          2.1281
        ],
        "train_acc": [
          0.0116,
          0.2832,
          0.3209,
          0.355,
          0.3754,
          0.3762
        ],
        "val_loss": [
          4.2558,
          2.4666,
          2.3277,
          2.2232,
          2.1746,
          2.1445
        ],
        "val_acc": [
          0.0145,
          0.2769,
          0.3165,
          0.3461,
          0.3601,
          0.3663
        ],
        "entropy": [
          0.6003,
          0.2845,
          0.2126,
          0.1842,
          0.1523,
          0.1347
        ],
        "elapsed": [
          17.6,
          110.6,
          202.3,
          290.7,
          396.7,
          492.1
        ],
        "lr": [
          9e-06,
          0.000851,
          0.000658,
          0.000396,
          0.000175,
          9e-05
        ],
        "temperature": [
          1.0,
          1.0,
          1.0,
          0.9714,
          0.8036,
          0.7
        ]
      }
    },
    "oblivious_boosted_vo_alt": {
      "name": "Oblivious L+F (V+O, alternating)",
      "params": 992485,
      "tree_pct": 14.925364111296394,
      "final_train_loss": 2.0956440329551698,
      "final_train_acc": 0.381658935546875,
      "final_val_loss": 2.152586841583252,
      "final_val_acc": 0.363690185546875,
      "time": 341.9271580828354,
      "ms_per_step": 170.9635790414177,
      "eval_log": {
        "steps": [
          1,
          400,
          800,
          1200,
          1600,
          2000
        ],
        "train_loss": [
          4.3161,
          2.4639,
          2.2917,
          2.2497,
          2.1651,
          2.1229
        ],
        "train_acc": [
          0.0209,
          0.2822,
          0.3182,
          0.3385,
          0.3673,
          0.3738
        ],
        "val_loss": [
          4.3013,
          2.4739,
          2.3344,
          2.2555,
          2.1904,
          2.1362
        ],
        "val_acc": [
          0.021,
          0.2762,
          0.3087,
          0.3323,
          0.3536,
          0.3672
        ],
        "entropy": [
          0.6234,
          0.3279,
          0.2228,
          0.1862,
          0.1508,
          0.1336
        ],
        "elapsed": [
          12.9,
          78.9,
          151.0,
          215.4,
          278.4,
          341.9
        ],