{
  "standard_baseline": {
    "name": "Standard Transformer",
    "params": 116673,
    "tree_pct": 0.0,
    "final_train_loss": 2.4276200890541078,
    "final_train_acc": 0.2924560546875,
    "final_val_loss": 2.4400268673896788,
    "final_val_acc": 0.285693359375,
    "time": 55.69121370790526,
    "ms_per_step": 27.84560685395263,
    "eval_log": {
      "steps": [
        1,
        400,
        800,
        1200,
        1600,
        2000
      ],
      "train_loss": [
        4.3944,
        2.5945,
        2.4762,
        2.4402,
        2.4258,
        2.4145
      ],
      "train_acc": [
        0.0144,
        0.2668,
        0.2727,
        0.281,
        0.2903,
        0.3025
      ],
      "val_loss": [
        4.3995,
        2.6085,
        2.4895,
        2.4614,
        2.4539,
        2.4523
      ],
      "val_acc": [
        0.0134,
        0.26,
        0.2718,
        0.2801,
        0.2833,
        0.2843
      ],
      "entropy": [
        0.0,
        0.0,
        0.0,
        0.0,
        0.0,
        0.0
      ],
      "elapsed": [
        0.7,
        8.1,
        17.7,
        30.2,
        42.3,
        55.7
      ],
      "lr": [
        3e-06,
        0.000284,
        0.000219,
        0.000132,
        5.8e-05,
        3e-05
      ],
      "temperature": [
        1.0,
        1.0,
        1.0,
        1.0,
        1.0,
        1.0
      ]
    },
    "config_name": "standard_baseline",
    "config_description": "Standard Transformer (baseline)"
  },
  "micro_boosted_matched": {
    "name": "Linear+MicroTree (attn only)",
    "params": 138921,
    "tree_pct": 15.185609087179044,
    "final_train_loss": 2.391371715068817,
    "final_train_acc": 0.2978515625,
    "final_val_loss": 2.4053112030029298,
    "final_val_acc": 0.29429931640625,
    "time": 257.93569862493314,
    "ms_per_step": 128.96784931246657,
    "eval_log": {
      "steps": [
        1,
        400,
        800,
        1200,
        1600,
        2000
      ],
      "train_loss": [
        4.1456,
        2.5863,
        2.4899,
        2.4482,
        2.4478,
        2.4035
      ],
      "train_acc": [
        0.0798,
        0.2651,
        0.2676,
        0.2937,
        0.2886,
        0.2988
      ],
      "val_loss": [
        4.1451,
        2.5671,
        2.4737,
        2.4404,
        2.4059,
        2.3987
      ],
      "val_acc": [
        0.0709,
        0.2682,
        0.2819,
        0.2884,
        0.2931,
        0.2937
      ],
      "entropy": [
        0.6287,
        0.3804,
        0.2641,
        0.2148,
        0.1804,
        0.161
      ],
      "elapsed": [
        1.0,
        43.5,
        95.4,
        150.6,
        205.8,
        257.9
      ],
      "lr": [
        9e-06,
        0.000851,
        0.000658,
        0.000396,
        0.000175,
        9e-05
      ],
      "temperature": [
        1.0,
        1.0,
        1.0,
        0.9714,
        0.8036,
        0.7
      ]
    },
    "config_name": "micro_boosted_matched",
    "config_description": "Linear+MicroTree (matched params)"
  },
  "micro_boosted_d2_matched": {
    "name": "Linear+MicroTree depth-2 (attn only)",
    "params": 141545,
    "tree_pct": 16.757921509060722,
    "final_train_loss": 2.4035471081733704,
    "final_train_acc": 0.29678955078125,
    "final_val_loss": 2.413636577129364,
    "final_val_acc": 0.29193115234375,
    "time": 255.85711970785633,
    "ms_per_step": 127.92855985392818,
    "eval_log": {
      "steps": [
        1,
        400,
        800,
        1200,
        1600,
        2000
      ],
      "train_loss": [
        4.3601,
        2.603,
        2.5177,
        2.4425,
        2.4228,
        2.4178
      ],
      "train_acc": [
        0.011,
        0.2595,
        0.2715,
        0.2971,
        0.2969,
        0.2949
      ],
      "val_loss": [
        4.3278,
        2.5993,
        2.4803,
        2.4318,
        2.4301,
        2.4191
      ],
      "val_acc": [
        0.011,
        0.2609,
        0.2802,
        0.2896,
        0.2874,
        0.2923
      ],
      "entropy": [
        0.6224,
        0.3739,
        0.261,
        0.2251,
        0.1921,
        0.1757
      ],
      "elapsed": [
        3.4,
        49.6,
        103.5,
        157.8,
        210.7,
        255.9
      ],
      "lr": [
        9e-06,
        0.000851,
        0.000658,
        0.000396,
        0.000175,
        9e-05
      ],
      "temperature": [
        1.0,
        1.0,
        1.0,
        0.9714,
        0.8036,
        0.7
      ]
    },
    "config_name": "micro_boosted_d2_matched",
    "config_description": "Linear+MicroTree depth-2 (matched params)"
  },
  "oblivious_boosted_small": {
    "name": "Oblivious Linear+Forest (attn only)",
    "params": 181897,
    "tree_pct": 61.54252131700908,
    "final_train_loss": 2.4542681336402894,
    "final_train_acc": 0.28515625,
    "final_val_loss": 2.4698206186294556,
    "final_val_acc": 0.2817138671875,
    "time": 1269.7234512080904,
    "ms_per_step": 634.8617256040452,
    "eval_log": {
      "steps": [
        1,
        400,
        800,
        1200,
        1600,
        2000
      ],
      "train_loss": [
        4.3369,
        2.6832,
        2.5506,
        2.5523,
        2.4889,
        2.46
      ],
      "train_acc": [
        0.0095,
        0.252,
        0.2722,
        0.2578,
        0.2761,
        0.2971
      ],
      "val_loss": [
        4.3218,
        2.6987,
        2.5504,
        2.4944,
        2.473,
        2.4709
      ],
      "val_acc": [
        0.0106,
        0.2505,
        0.2642,
        0.2758,
        0.2796,
        0.2809
      ],
      "entropy": [
        0.6375,
        0.4397,
        0.3291,
        0.2813,
        0.2364,
        0.2127
      ],
      "elapsed": [
        4.1,
        305.5,
        584.8,
        828.0,
        1085.1,
        1269.7
      ],
      "lr": [
        9e-06,
        0.000851,
        0.000658,
        0.000396,
        0.000175,
        9e-05
      ],
      "temperature": [
        1.0,
        1.0,
        1.0,
        0.9714,
        0.8036,
        0.7
      ]
    },
    "config_name": "oblivious_boosted_small",
    "config_description": "Oblivious L+F (reduced d_model)"
  },
  "standard_large": {
    "name": "Standard Transformer",
    "params": 248705,
    "tree_pct": 0.0,
    "final_train_loss": 2.2815033555030824,
    "final_train_acc": 0.3308837890625,
    "final_val_loss": 2.317944288253784,
    "final_val_acc": 0.3230224609375,
    "time": 16.3566472500097,
    "ms_per_step": 8.17832362500485,
    "eval_log": {
      "steps": [
        1,
        400,
        800,
        1200,
        1600,
        2000
      ],
      "train_loss": [
        4.3169,
        2.4937,
        2.4015,
        2.3345,
        2.3381,
        2.3027
      ],
      "train_acc": [
        0.0149,
        0.2815,
        0.3032,
        0.3186,
        0.3159,
        0.3328
      ],
      "val_loss": [
        4.332,
        2.5331,
        2.4474,
        2.367,
        2.3308,
        2.2872
      ],
      "val_acc": [
        0.0121,
        0.2671,
        0.2897,
        0.3071,
        0.3186,
        0.3279
      ],
      "entropy": [
        0.0,
        0.0,
        0.0,
        0.0,
        0.0,
        0.0
      ],
      "elapsed": [
        0.9,
        4.0,
        7.1,
        10.2,
        13.3,
        16.4
      ],
      "lr": [
        3e-06,
        0.000284,
        0.000219,
        0.000132,
        5.8e-05,
        3e-05
      ],
      "temperature": [
        1.0,
        1.0,
        1.0,
        1.0,
        1.0,
        1.0
      ]
    },
    "config_name": "standard_large",
    "config_description": "Standard Transformer (larger)"
  }
}