{
  "batched_shared": {
    "name": "Batched Forest (shared routing)",
    "params": 158737,
    "tree_pct": 46.90021860057831,
    "final_train_loss": 2.6454216837882996,
    "final_train_acc": 0.25697021484375,
    "final_val_loss": 2.6455182313919066,
    "final_val_acc": 0.2585693359375,
    "time": 57.41109566693194,
    "ms_per_step": 114.82219133386388,
    "eval_log": {
      "steps": [
        1,
        100,
        200,
        300,
        400,
        500
      ],
      "train_loss": [
        4.3437,
        3.2926,
        2.8503,
        2.7276,
        2.6554,
        2.6956
      ],
      "train_acc": [
        0.0127,
        0.1841,
        0.2393,
        0.248,
        0.2463,
        0.2507
      ],
      "val_loss": [
        4.3333,
        3.241,
        2.8448,
        2.7352,
        2.6745,
        2.6518
      ],
      "val_acc": [
        0.0144,
        0.1841,
        0.2403,
        0.2489,
        0.2555,
        0.2555
      ],
      "entropy": [
        0.6318,
        0.5873,
        0.6156,
        0.6019,
        0.5707,
        0.5484
      ],
      "elapsed": [
        0.8,
        12.3,
        24.1,
        35.7,
        46.6,
        57.4
      ],
      "lr": [
        9e-06,
        0.0009,
        0.000781,
        0.000495,
        0.000209,
        9e-05
      ],
      "temperature": [
        1.0,
        1.0,
        1.0,
        0.9714,
        0.8036,
        0.7
      ]
    }
  }
}