{
  "moe_boosted_alt": {
    "name": "Linear+MoE (alternating, OPT-13)",
    "params": 169973,
    "tree_pct": 16.296705947415177,
    "final_train_loss": 2.4094163179397583,
    "final_train_acc": 0.2968017578125,
    "final_val_loss": 2.403667712211609,
    "final_val_acc": 0.29627685546875,
    "time": 67.45302137499675,
    "ms_per_step": 33.726510687498376,
    "eval_log": {
      "steps": [
        1,
        400,
        800,
        1200,
        1600,
        2000
      ],
      "train_loss": [
        4.243,
        2.589,
        2.4812,
        2.4342,
        2.4193,
        2.4439
      ],
      "train_acc": [
        0.0273,
        0.2617,
        0.2864,
        0.2986,
        0.2915,
        0.2957
      ],
      "val_loss": [
        4.2458,
        2.5918,
        2.4966,
        2.4288,
        2.4041,
        2.4103
      ],
      "val_acc": [
        0.0294,
        0.2656,
        0.2767,
        0.2938,
        0.2984,
        0.2939
      ],
      "entropy": [
        0.0,
        0.0,
        0.0,
        0.0,
        0.0,
        0.0
      ],
      "elapsed": [
        8.2,
        19.9,
        30.8,
        42.8,
        54.7,
        67.5
      ],
      "lr": [
        9e-06,
        0.000851,
        0.000658,
        0.000396,
        0.000175,
        9e-05
      ],
      "temperature": [
        1.0,
        1.0,
        1.0,
        0.9714,
        0.8036,
        0.7
      ]
    }
  }
}