{
  "product_key_boosted": {
    "name": "Linear+ProductKey (C=16)",
    "params": 257097,
    "tree_pct": 54.17099382723253,
    "final_train_loss": 2.38341166973114,
    "final_train_acc": 0.30440673828125,
    "final_val_loss": 2.394990658760071,
    "final_val_acc": 0.3003173828125,
    "time": 36.39376712497324,
    "ms_per_step": 18.19688356248662,
    "eval_log": {
      "steps": [
        1,
        400,
        800,
        1200,
        1600,
        2000
      ],
      "train_loss": [
        4.3038,
        2.5647,
        2.4894,
        2.4155,
        2.3899,
        2.3905
      ],
      "train_acc": [
        0.0115,
        0.2747,
        0.2805,
        0.2876,
        0.301,
        0.303
      ],
      "val_loss": [
        4.3067,
        2.5766,
        2.4694,
        2.4261,
        2.3988,
        2.3891
      ],
      "val_acc": [
        0.0131,
        0.2644,
        0.2827,
        0.2917,
        0.299,
        0.3023
      ],
      "entropy": [
        0.0,
        0.0,
        0.0,
        0.0,
        0.0,
        0.0
      ],
      "elapsed": [
        0.4,
        7.2,
        13.7,
        20.7,
        28.5,
        36.4
      ],
      "lr": [
        9e-06,
        0.000851,
        0.000658,
        0.000396,
        0.000175,
        9e-05
      ],
      "temperature": [
        1.0,
        1.0,
        1.0,
        0.9714,
        0.8036,
        0.7
      ]
    }
  }
}