{
  "standard": {
    "name": "Standard Transformer",
    "params": 116673,
    "tree_pct": 0.0,
    "final_train_loss": 2.4276200890541078,
    "final_train_acc": 0.2924560546875,
    "final_val_loss": 2.440026843547821,
    "final_val_acc": 0.285693359375,
    "time": 12.90501012490131,
    "ms_per_step": 6.452505062450655,
    "eval_log": {
      "steps": [
        1,
        400,
        800,
        1200,
        1600,
        2000
      ],
      "train_loss": [
        4.3944,
        2.5945,
        2.4762,
        2.4402,
        2.4258,
        2.4145
      ],
      "train_acc": [
        0.0144,
        0.2668,
        0.2727,
        0.281,
        0.2903,
        0.3025
      ],
      "val_loss": [
        4.3995,
        2.6085,
        2.4895,
        2.4614,
        2.4539,
        2.4523
      ],
      "val_acc": [
        0.0134,
        0.26,
        0.2718,
        0.2801,
        0.2833,
        0.2843
      ],
      "entropy": [
        0.0,
        0.0,
        0.0,
        0.0,
        0.0,
        0.0
      ],
      "elapsed": [
        0.6,
        3.4,
        5.7,
        8.0,
        10.6,
        12.9
      ],
      "lr": [
        3e-06,
        0.000284,
        0.000219,
        0.000132,
        5.8e-05,
        3e-05
      ],
      "temperature": [
        1.0,
        1.0,
        1.0,
        1.0,
        1.0,
        1.0
      ]
    }
  },
  "micro_boosted": {
    "name": "Linear+MicroTree (attn only)",
    "params": 138921,
    "tree_pct": 15.185609087179044,
    "final_train_loss": 2.391371726989746,
    "final_train_acc": 0.2978515625,
    "final_val_loss": 2.4053112387657167,
    "final_val_acc": 0.29429931640625,
    "time": 57.13435904099606,
    "ms_per_step": 28.56717952049803,
    "eval_log": {
      "steps": [
        1,
        400,
        800,
        1200,
        1600,
        2000
      ],
      "train_loss": [
        4.1456,
        2.5863,
        2.4899,
        2.4482,
        2.4478,
        2.4035
      ],
      "train_acc": [
        0.0798,
        0.2651,
        0.2676,
        0.2937,
        0.2886,
        0.2988
      ],
      "val_loss": [
        4.1451,
        2.5671,
        2.4737,
        2.4404,
        2.4059,
        2.3987
      ],
      "val_acc": [
        0.0709,
        0.2682,
        0.2819,
        0.2884,
        0.2931,
        0.2937
      ],
      "entropy": [
        0.6287,
        0.3804,
        0.2641,
        0.2148,
        0.1804,
        0.161
      ],
      "elapsed": [
        0.4,
        11.1,
        21.9,
        33.5,
        45.3,
        57.1
      ],
      "lr": [
        9e-06,
        0.000851,
        0.000658,
        0.000396,
        0.000175,
        9e-05
      ],
      "temperature": [
        1.0,
        1.0,
        1.0,
        0.9714,
        0.8036,
        0.7
      ]
    }
  },
  "gated_boosted": {
    "name": "Linear+Gated (GLU-style)",
    "params": 184393,
    "tree_pct": 0.004338559489785404,
    "final_train_loss": 2.3794965147972107,
    "final_train_acc": 0.30345458984375,
    "final_val_loss": 2.3982787132263184,
    "final_val_acc": 0.29774169921875,
    "time": 36.02148858294822,
    "ms_per_step": 18.01074429147411,
    "eval_log": {
      "steps": [
        1,
        400,
        800,
        1200,
        1600,
        2000
      ],
      "train_loss": [
        4.3392,
        2.5799,
        2.4278,
        2.4132,
        2.3775,
        2.3854
      ],
      "train_acc": [
        0.0176,
        0.2673,
        0.2856,
        0.3042,
        0.3176,
        0.3037
      ],
      "val_loss": [
        4.3573,
        2.5789,
        2.4817,
        2.4323,
        2.3919,
        2.3869
      ],
      "val_acc": [
        0.0182,
        0.2708,
        0.2793,
        0.2897,
        0.3009,
        0.3004
      ],
      "entropy": [
        0.0,
        0.0,
        0.0,
        0.0,
        0.0,
        0.0
      ],
      "elapsed": [
        0.3,
        6.9,
        13.3,
        20.4,
        28.2,
        36.0
      ],
      "lr": [
        9e-06,
        0.000851,
        0.000658,
        0.000396,
        0.000175,
        9e-05
      ],
      "temperature": [
        1.0,
        1.0,
        1.0,
        0.9714,
        0.8036,
        0.7
      ]
    }
  },
  "gated_boosted_d2": {
    "name": "Linear+Gated depth-2 (2 gates)",
    "params": 217673,
    "tree_pct": 0.003675237627082826,
    "final_train_loss": 2.384098303318024,
    "final_train_acc": 0.30137939453125,
    "final_val_loss": 2.3925719141960142,
    "final_val_acc": 0.2991943359375,
    "time": 39.318845625035465,
    "ms_per_step": 19.659422812517732,
    "eval_log": {
      "steps": [
        1,
        400,
        800,
        1200,
        1600,
        2000
      ],
      "train_loss": [
        4.2252,
        2.5636,
        2.4646,
        2.419,
        2.3982,
        2.4045
      ],
      "train_acc": [
        0.0139,
        0.2629,
        0.2776,
        0.3035,
        0.2979,
        0.3044
      ],
      "val_loss": [
        4.1959,
        2.5752,
        2.4863,
        2.4344,
        2.413,
        2.3935
      ],
      "val_acc": [
        0.0186,
        0.2626,
        0.2768,
        0.2885,
        0.2926,
        0.2978
      ],
      "entropy": [
        0.0,
        0.0,
        0.0,
        0.0,
        0.0,
        0.0
      ],
      "elapsed": [
        0.3,
        7.6,
        14.7,
        22.6,
        30.9,
        39.3
      ],
      "lr": [
        9e-06,
        0.000851,
        0.000658,
        0.000396,
        0.000175,
        9e-05
      ],
      "temperature": [
        1.0,
        1.0,
        1.0,
        0.9714,
        0.8036,
        0.7
      ]
    }
  },
  "dynamic": {
    "name": "Dynamic Linear (rank-8, 1 mod)",
    "params": 125001,
    "tree_pct": 6.559947520419837,
    "final_train_loss": 2.401823031902313,
    "final_train_acc": 0.297607421875,
    "final_val_loss": 2.4047183275222777,
    "final_val_acc": 0.2956787109375,
    "time": 29.291255332995206,
    "ms_per_step": 14.645627666497603,
    "eval_log": {
      "steps": [
        1,
        400,
        800,
        1200,
        1600,
        2000
      ],
      "train_loss": [
        4.3341,
        2.6458,
        2.446,
        2.4401,
        2.4148,
        2.3914
      ],
      "train_acc": [
        0.0132,
        0.2493,
        0.2979,
        0.2947,
        0.29,
        0.3
      ],
      "val_loss": [
        4.3274,
        2.6039,
        2.4979,
        2.4547,
        2.409,
        2.4139
      ],
      "val_acc": [
        0.0165,
        0.2618,
        0.2751,
        0.2835,
        0.2945,
        0.2915
      ],
      "entropy": [
        0.0,
        0.0,
        0.0,
        0.0,
        0.0,
        0.0
      ],
      "elapsed": [
        0.4,
        5.5,
        10.5,
        16.2,
        22.8,
        29.3
      ],
      "lr": [
        9e-06,
        0.000851,
        0.000658,
        0.000396,
        0.000175,
        9e-05
      ],
      "temperature": [
        1.0,
        1.0,
        1.0,
        0.9714,
        0.8036,
        0.7
      ]
    }
  },
  "dynamic_boosted": {
    "name": "Dynamic Linear (rank-8, 4 mods)",
    "params": 152681,
    "tree_pct": 22.82929768602511,
    "final_train_loss": 2.3909433245658875,
    "final_train_acc": 0.30140380859375,
    "final_val_loss": 2.399018394947052,
    "final_val_acc": 0.29613037109375,
    "time": 51.19313200004399,
    "ms_per_step": 25.596566000021994,
    "eval_log": {
      "steps": [
        1,
        400,
        800,
        1200,
        1600,
        2000
      ],
      "train_loss": [
        4.4078,
        2.5747,
        2.4446,
        2.4375,
        2.377,
        2.379
      ],
      "train_acc": [
        0.0144,
        0.2659,
        0.2869,
        0.291,
        0.3091,
        0.3008
      ],