{
  "standard": {
    "name": "Standard Transformer (reference)",
    "config_name": "standard",
    "params": 116673,
    "tree_pct": 0.0,
    "compiled": true,
    "final_train_loss": 2.4276191115379335,
    "final_train_acc": 0.2924560546875,
    "final_val_loss": 2.4400259017944337,
    "final_val_acc": 0.285693359375,
    "time": 20.614831832936034,
    "ms_per_step": 10.307415916468017,
    "eval_log": {
      "steps": [
        1,
        400,
        800,
        1200,
        1600,
        2000
      ],
      "train_loss": [
        4.3944,
        2.5945,
        2.4762,
        2.4402,
        2.4258,
        2.4145
      ],
      "train_acc": [
        0.0144,
        0.2668,
        0.2727,
        0.281,
        0.2903,
        0.3025
      ],
      "val_loss": [
        4.3995,
        2.6085,
        2.4895,
        2.4614,
        2.4539,
        2.4523
      ],
      "val_acc": [
        0.0134,
        0.26,
        0.2718,
        0.2801,
        0.2833,
        0.2843
      ],
      "entropy": [
        0.0,
        0.0,
        0.0,
        0.0,
        0.0,
        0.0
      ],
      "elapsed": [
        4.1,
        7.5,
        10.8,
        14.3,
        17.1,
        20.6
      ],
      "lr": [
        3e-06,
        0.000284,
        0.000219,
        0.000132,
        5.8e-05,
        3e-05
      ],
      "temperature": [
        1.0,
        1.0,
        1.0,
        1.0,
        1.0,
        1.0
      ]
    }
  },
  "boosted_compiled": {
    "name": "Linear+Forest + compile (known best acc)",
    "config_name": "boosted_compiled",
    "params": 317321,
    "tree_pct": 62.86882998603937,
    "compiled": true,
    "final_train_loss": 2.381015646457672,
    "final_train_acc": 0.30540771484375,
    "final_val_loss": 2.4004884004592895,
    "final_val_acc": 0.29771728515625,
    "time": 215.82357166684233,
    "ms_per_step": 107.91178583342116,
    "eval_log": {
      "steps": [
        1,
        400,
        800,
        1200,
        1600,
        2000
      ],
      "train_loss": [
        4.3882,
        2.5633,
        2.4977,
        2.4524,
        2.4029,
        2.3723
      ],
      "train_acc": [
        0.0251,
        0.2722,
        0.2817,
        0.292,
        0.3018,
        0.3018
      ],
      "val_loss": [
        4.3806,
        2.5923,
        2.4821,
        2.4377,
        2.417,
        2.4056
      ],
      "val_acc": [
        0.0224,
        0.2624,
        0.2802,
        0.2913,
        0.2964,
        0.2945
      ],
      "entropy": [
        0.6224,
        0.4378,
        0.3324,
        0.2895,
        0.2463,
        0.2227
      ],
      "elapsed": [
        1.7,
        41.6,
        82.0,
        124.0,
        168.2,
        215.8
      ],
      "lr": [
        9e-06,
        0.000851,
        0.000658,
        0.000396,
        0.000175,
        9e-05
      ],
      "temperature": [
        1.0,
        1.0,
        1.0,
        0.9714,
        0.8036,
        0.7
      ]
    }
  },
  "boosted_alt_compiled": {
    "name": "Linear+Forest alternating + compile",
    "config_name": "boosted_alt_compiled",
    "params": 217061,
    "tree_pct": 45.95390235924464,
    "compiled": true,
    "final_train_loss": 2.4157429695129395,
    "final_train_acc": 0.293212890625,
    "final_val_loss": 2.4087802886962892,
    "final_val_acc": 0.29521484375,
    "time": 97.75475562503561,
    "ms_per_step": 48.87737781251781,
    "eval_log": {
      "steps": [
        1,
        400,
        800,
        1200,
        1600,
        2000
      ],
      "train_loss": [
        4.348,
        2.6335,
        2.4997,
        2.4646,
        2.3829,
        2.4175
      ],
      "train_acc": [
        0.0349,
        0.252,
        0.2788,
        0.2842,
        0.3069,
        0.304
      ],
      "val_loss": [
        4.3201,
        2.5697,
        2.4894,
        2.4491,
        2.4327,
        2.4251
      ],
      "val_acc": [
        0.03,
        0.2665,
        0.2756,
        0.2874,
        0.2864,
        0.2919
      ],
      "entropy": [
        0.6409,
        0.4226,
        0.2811,
        0.2248,
        0.1815,
        0.1584
      ],
      "elapsed": [
        2.9,
        23.8,
        42.5,
        60.7,
        79.2,
        97.8
      ],
      "lr": [
        9e-06,
        0.000851,
        0.000658,
        0.000396,
        0.000175,
        9e-05
      ],
      "temperature": [
        1.0,
        1.0,
        1.0,
        0.9714,
        0.8036,
        0.7
      ]
    }
  },
  "obl_boost_vo_compiled": {
    "name": "Oblivious L+F V+O only + compile",
    "config_name": "obl_boost_vo_compiled",
    "params": 191717,
    "tree_pct": 38.80928660473511,
    "compiled": true,
    "final_train_loss": 2.3937830328941345,
    "final_train_acc": 0.29698486328125,
    "final_val_loss": 2.404933989048004,
    "final_val_acc": 0.29447021484375,
    "time": 56.571962707908824,
    "ms_per_step": 28.285981353954412,
    "eval_log": {
      "steps": [
        1,
        400,
        800,
        1200,
        1600,
        2000
      ],
      "train_loss": [
        4.3203,
        2.5788,
        2.4688,
        2.4554,
        2.4137,
        2.3865
      ],
      "train_acc": [
        0.0115,
        0.2622,
        0.2808,
        0.2944,
        0.2915,
        0.3083
      ],
      "val_loss": [
        4.3109,
        2.5918,
        2.473,
        2.4235,
        2.4104,
        2.4098
      ],
      "val_acc": [
        0.0135,
        0.267,
        0.2779,
        0.2901,
        0.2929,
        0.2962
      ],
      "entropy": [
        0.6431,
        0.4583,
        0.3223,
        0.2761,
        0.2369,
        0.2154
      ],
      "elapsed": [
        2.8,
        13.5,
        24.1,
        34.8,
        45.8,
        56.6
      ],
      "lr": [
        9e-06,
        0.000851,
        0.000658,
        0.000396,
        0.000175,
        9e-05
      ],
      "temperature": [
        1.0,
        1.0,
        1.0,
        0.9714,
        0.8036,
        0.7
      ]
    }
  },
  "obl_boost_vo_alt_compiled": {
    "name": "Oblivious L+F V+O alt + compile",
    "config_name": "obl_boost_vo_alt_compiled",
    "params": 154259,
    "tree_pct": 24.11658314911934,
    "compiled": true,
    "final_train_loss": 2.41814671754837,
    "final_train_acc": 0.2932861328125,
    "final_val_loss": 2.4106905102729796,
    "final_val_acc": 0.2914794921875,
    "time": 43.3971547500696,
    "ms_per_step": 21.6985773750348,
    "eval_log": {
      "steps": [
        1,
        400,
        800,
        1200,
        1600,
        2000
      ],
      "train_loss": [
        4.2792,
        2.5871,
        2.5036,
        2.3887,
        2.4221,
        2.4055
      ],
      "train_acc": [
        0.0166,
        0.2666,
        0.2866,
        0.3035,
        0.2947,
        0.3103
      ],
      "val_loss": [
        4.2482,
        2.5646,
        2.4838,
        2.4466,
        2.4286,
        2.4225
      ],
      "val_acc": [
        0.0174,
        0.2658,
        0.2763,
        0.2832,
        0.2888,
        0.2887
      ],
      "entropy": [
        0.654,
        0.3802,
        0.2461,
        0.2032,
        0.1709,
        0.1534
      ],
      "elapsed": [
        2.0,
        10.2,
        18.6,
        26.9,
        35.1,
        43.4
      ],
      "lr": [
        9e-06,
        0.000851,
        0.000658,
        0.000396,
        0.000175,
        9e-05
      ],
      "temperature": [
        1.0,
        1.0,
        1.0,
        0.9714,
        0.8036,
        0.7
      ]
    }
  }
}